Dataset,Model,Whitebox,Layers_Used,Poolers_Used,Seed,predict_accuracy,predict_f1,predict_precision,predict_recall
toxigen,bart-large,SVM,All,mean_with_attention,42,0.8063829787234043,0.638888888888889,0.7318181818181818,0.5669014084507042
toxigen,bart-large,Decision Tree,All,mean_with_attention,42,0.776595744680851,0.4852941176470589,0.7983870967741935,0.3485915492957746
toxigen,bart-large,KNN,All,mean_with_attention,42,0.8095744680851064,0.6577437858508604,0.7196652719665272,0.6056338028169014
toxigen,bart-large,K-means,All,mean_with_attention,42,0.8074468085106383,0.6641929499072355,0.7019607843137254,0.6302816901408451
toxigen,bart-large,SVM,Embedding Only,mean_with_attention,42,0.7170212765957447,0.4411764705882352,0.546875,0.3697183098591549
toxigen,bart-large,Decision Tree,Embedding Only,mean_with_attention,42,0.6978723404255319,0.0,0.0,0.0
toxigen,bart-large,KNN,Embedding Only,mean_with_attention,42,0.7202127659574468,0.4439746300211417,0.5555555555555556,0.3697183098591549
toxigen,bart-large,K-means,Embedding Only,mean_with_attention,42,0.6978723404255319,0.0,0.0,0.0
toxigen,bart-large,SVM,Embedding + Last,mean_with_attention,42,0.7489361702127659,0.407035175879397,0.7105263157894737,0.2852112676056338
toxigen,bart-large,Decision Tree,Embedding + Last,mean_with_attention,42,0.6978723404255319,0.0,0.0,0.0
toxigen,bart-large,KNN,Embedding + Last,mean_with_attention,42,0.7606382978723404,0.4498777506112469,0.736,0.323943661971831
toxigen,bart-large,K-means,Embedding + Last,mean_with_attention,42,0.6978723404255319,0.0,0.0,0.0
toxigen,bart-large,SVM,Last Only,mean_with_attention,42,0.8042553191489362,0.6605166051660517,0.6937984496124031,0.6302816901408451
toxigen,bart-large,Decision Tree,Last Only,mean_with_attention,42,0.8117021276595745,0.6589595375722543,0.7276595744680852,0.602112676056338
toxigen,bart-large,KNN,Last Only,mean_with_attention,42,0.8159574468085107,0.6860254083484574,0.7078651685393258,0.6654929577464789
toxigen,bart-large,K-means,Last Only,mean_with_attention,42,0.798936170212766,0.6780238500851788,0.6567656765676567,0.7007042253521126
toxigen,bart-large,SVM,All,mean_with_attention,365,0.7723404255319148,0.6219081272084805,0.624113475177305,0.6197183098591549
toxigen,bart-large,Decision Tree,All,mean_with_attention,365,0.7276595744680852,0.2195121951219512,0.8181818181818182,0.1267605633802817
toxigen,bart-large,KNN,All,mean_with_attention,365,0.7829787234042553,0.554585152838428,0.7298850574712644,0.4471830985915493
toxigen,bart-large,K-means,All,mean_with_attention,365,0.6978723404255319,0.0,0.0,0.0
toxigen,bart-large,SVM,Embedding Only,mean_with_attention,365,0.7202127659574468,0.4392324093816631,0.5567567567567567,0.3626760563380282
toxigen,bart-large,Decision Tree,Embedding Only,mean_with_attention,365,0.6978723404255319,0.0,0.0,0.0
toxigen,bart-large,KNN,Embedding Only,mean_with_attention,365,0.7138297872340426,0.445360824742268,0.5373134328358209,0.380281690140845
toxigen,bart-large,K-means,Embedding Only,mean_with_attention,365,0.6978723404255319,0.0,0.0,0.0
toxigen,bart-large,SVM,Embedding + Last,mean_with_attention,365,0.7244680851063829,0.2621082621082621,0.6865671641791045,0.1619718309859155
toxigen,bart-large,Decision Tree,Embedding + Last,mean_with_attention,365,0.6978723404255319,0.0,0.0,0.0
toxigen,bart-large,KNN,Embedding + Last,mean_with_attention,365,0.747872340425532,0.4060150375939849,0.7043478260869566,0.2852112676056338
toxigen,bart-large,K-means,Embedding + Last,mean_with_attention,365,0.6978723404255319,0.0,0.0,0.0
toxigen,bart-large,SVM,Last Only,mean_with_attention,365,0.752127659574468,0.4439140811455848,0.6888888888888889,0.3274647887323944
toxigen,bart-large,Decision Tree,Last Only,mean_with_attention,365,0.7680851063829788,0.582375478927203,0.6386554621848739,0.5352112676056338
toxigen,bart-large,KNN,Last Only,mean_with_attention,365,0.7882978723404256,0.6150870406189556,0.6824034334763949,0.5598591549295775
toxigen,bart-large,K-means,Last Only,mean_with_attention,365,0.7319148936170212,0.625,0.5412371134020618,0.7394366197183099
toxigen,bart-large,SVM,All,mean_with_attention,469,0.7936170212765957,0.6535714285714286,0.6630434782608695,0.6443661971830986
toxigen,bart-large,Decision Tree,All,mean_with_attention,469,0.7702127659574468,0.4345549738219895,0.8469387755102041,0.2922535211267605
toxigen,bart-large,KNN,All,mean_with_attention,469,0.8,0.5746606334841629,0.8037974683544303,0.4471830985915493
toxigen,bart-large,K-means,All,mean_with_attention,469,0.6978723404255319,0.0,0.0,0.0
toxigen,bart-large,SVM,Embedding Only,mean_with_attention,469,0.7191489361702128,0.4382978723404255,0.553763440860215,0.3626760563380282
toxigen,bart-large,Decision Tree,Embedding Only,mean_with_attention,469,0.6978723404255319,0.0,0.0,0.0
toxigen,bart-large,KNN,Embedding Only,mean_with_attention,469,0.7138297872340426,0.445360824742268,0.5373134328358209,0.380281690140845
toxigen,bart-large,K-means,Embedding Only,mean_with_attention,469,0.6978723404255319,0.0,0.0,0.0
toxigen,bart-large,SVM,Embedding + Last,mean_with_attention,469,0.7436170212765958,0.3804627249357326,0.7047619047619048,0.2605633802816901
toxigen,bart-large,Decision Tree,Embedding + Last,mean_with_attention,469,0.6978723404255319,0.0,0.0,0.0
toxigen,bart-large,KNN,Embedding + Last,mean_with_attention,469,0.7627659574468085,0.4296675191815857,0.7850467289719626,0.2957746478873239
toxigen,bart-large,K-means,Embedding + Last,mean_with_attention,469,0.6978723404255319,0.0,0.0,0.0
toxigen,bart-large,SVM,Last Only,mean_with_attention,469,0.7861702127659574,0.622889305816135,0.6666666666666666,0.5845070422535211
toxigen,bart-large,Decision Tree,Last Only,mean_with_attention,469,0.8106382978723404,0.65234375,0.7324561403508771,0.5880281690140845
toxigen,bart-large,KNN,Last Only,mean_with_attention,469,0.8191489361702128,0.6558704453441296,0.7714285714285715,0.5704225352112676
toxigen,bart-large,K-means,Last Only,mean_with_attention,469,0.8,0.68561872909699,0.6528662420382165,0.721830985915493
toxigen,bart-large,SVM,All,mean_with_attention,4399,0.8063829787234043,0.6666666666666666,0.6946564885496184,0.6408450704225352
toxigen,bart-large,Decision Tree,All,mean_with_attention,4399,0.7265957446808511,0.2140672782874617,0.813953488372093,0.1232394366197183
toxigen,bart-large,KNN,All,mean_with_attention,4399,0.7968085106382978,0.5764966740576497,0.7784431137724551,0.4577464788732394
toxigen,bart-large,K-means,All,mean_with_attention,4399,0.6978723404255319,0.0,0.0,0.0
toxigen,bart-large,SVM,Embedding Only,mean_with_attention,4399,0.7212765957446808,0.4401709401709402,0.5597826086956522,0.3626760563380282
toxigen,bart-large,Decision Tree,Embedding Only,mean_with_attention,4399,0.6978723404255319,0.0,0.0,0.0
toxigen,bart-large,KNN,Embedding Only,mean_with_attention,4399,0.7127659574468085,0.4421487603305785,0.535,0.3767605633802817
toxigen,bart-large,K-means,Embedding Only,mean_with_attention,4399,0.6978723404255319,0.0,0.0,0.0
toxigen,bart-large,SVM,Embedding + Last,mean_with_attention,4399,0.7468085106382979,0.4137931034482759,0.6885245901639344,0.2957746478873239
toxigen,bart-large,Decision Tree,Embedding + Last,mean_with_attention,4399,0.6978723404255319,0.0,0.0,0.0
toxigen,bart-large,KNN,Embedding + Last,mean_with_attention,4399,0.7606382978723404,0.4332493702770781,0.7610619469026548,0.3028169014084507
toxigen,bart-large,K-means,Embedding + Last,mean_with_attention,4399,0.6978723404255319,0.0,0.0,0.0
toxigen,bart-large,SVM,Last Only,mean_with_attention,4399,0.7851063829787234,0.6699346405228759,0.625,0.721830985915493
toxigen,bart-large,Decision Tree,Last Only,mean_with_attention,4399,0.8021276595744681,0.6265060240963856,0.7289719626168224,0.5492957746478874
toxigen,bart-large,KNN,Last Only,mean_with_attention,4399,0.8180851063829787,0.6692456479690523,0.7424892703862661,0.6091549295774648
toxigen,bart-large,K-means,Last Only,mean_with_attention,4399,0.7914893617021277,0.6754966887417218,0.6375,0.7183098591549296
toxigen,bart-large,SVM,All,mean_with_attention,3012023,0.801063829787234,0.6759098786828422,0.6655290102389079,0.6866197183098591
toxigen,bart-large,Decision Tree,All,mean_with_attention,3012023,0.7553191489361702,0.3882978723404255,0.7934782608695652,0.2570422535211267
toxigen,bart-large,KNN,All,mean_with_attention,3012023,0.8031914893617021,0.6216768916155418,0.7414634146341463,0.5352112676056338
toxigen,bart-large,K-means,All,mean_with_attention,3012023,0.6978723404255319,0.0,0.0,0.0
toxigen,bart-large,SVM,Embedding Only,mean_with_attention,3012023,0.7212765957446808,0.4401709401709402,0.5597826086956522,0.3626760563380282
toxigen,bart-large,Decision Tree,Embedding Only,mean_with_attention,3012023,0.6978723404255319,0.0,0.0,0.0
toxigen,bart-large,KNN,Embedding Only,mean_with_attention,3012023,0.7117021276595744,0.4412371134020619,0.5323383084577115,0.3767605633802817
toxigen,bart-large,K-means,Embedding Only,mean_with_attention,3012023,0.6978723404255319,0.0,0.0,0.0
toxigen,bart-large,SVM,Embedding + Last,mean_with_attention,3012023,0.752127659574468,0.4130982367758186,0.7256637168141593,0.2887323943661972
toxigen,bart-large,Decision Tree,Embedding + Last,mean_with_attention,3012023,0.6978723404255319,0.0,0.0,0.0
toxigen,bart-large,KNN,Embedding + Last,mean_with_attention,3012023,0.7606382978723404,0.4471744471744471,0.7398373983739838,0.3204225352112676
toxigen,bart-large,K-means,Embedding + Last,mean_with_attention,3012023,0.6978723404255319,0.0,0.0,0.0
toxigen,bart-large,SVM,Last Only,mean_with_attention,3012023,0.7734042553191489,0.6203208556149733,0.628158844765343,0.6126760563380281
toxigen,bart-large,Decision Tree,Last Only,mean_with_attention,3012023,0.8074468085106383,0.6654343807763401,0.7003891050583657,0.6338028169014085
toxigen,bart-large,KNN,Last Only,mean_with_attention,3012023,0.8202127659574469,0.6829268292682927,0.7309236947791165,0.6408450704225352
toxigen,bart-large,K-means,Last Only,mean_with_attention,3012023,0.7893617021276595,0.6699999999999999,0.6360759493670886,0.7077464788732394
toxigen,deberta-large,SVM,All,mean_with_attention,42,0.8138297872340425,0.6492985971943888,0.7534883720930232,0.5704225352112676
toxigen,deberta-large,Decision Tree,All,mean_with_attention,42,0.7297872340425532,0.2395209580838323,0.8,0.1408450704225352
toxigen,deberta-large,KNN,All,mean_with_attention,42,0.8021276595744681,0.6490566037735849,0.6991869918699187,0.6056338028169014
toxigen,deberta-large,K-means,All,mean_with_attention,42,0.6978723404255319,0.0,0.0,0.0
toxigen,deberta-large,SVM,Embedding Only,mean_with_attention,42,0.7202127659574468,0.4750499001996007,0.5483870967741935,0.4190140845070422
toxigen,deberta-large,Decision Tree,Embedding Only,mean_with_attention,42,0.6978723404255319,0.0,0.0,0.0
toxigen,deberta-large,KNN,Embedding Only,mean_with_attention,42,0.7329787234042553,0.502970297029703,0.5746606334841629,0.4471830985915493
toxigen,deberta-large,K-means,Embedding Only,mean_with_attention,42,0.6978723404255319,0.0,0.0,0.0
toxigen,deberta-large,SVM,Embedding + Last,mean_with_attention,42,0.7702127659574468,0.4832535885167464,0.753731343283582,0.3556338028169014
toxigen,deberta-large,Decision Tree,Embedding + Last,mean_with_attention,42,0.6978723404255319,0.0,0.0,0.0
toxigen,deberta-large,KNN,Embedding + Last,mean_with_attention,42,0.7872340425531915,0.5238095238095238,0.8088235294117647,0.3873239436619718
toxigen,deberta-large,K-means,Embedding + Last,mean_with_attention,42,0.6978723404255319,0.0,0.0,0.0
toxigen,deberta-large,SVM,Last Only,mean_with_attention,42,0.8117021276595745,0.6641366223908919,0.720164609053498,0.6161971830985915
toxigen,deberta-large,Decision Tree,Last Only,mean_with_attention,42,0.823404255319149,0.6795366795366794,0.7521367521367521,0.6197183098591549
toxigen,deberta-large,KNN,Last Only,mean_with_attention,42,0.8372340425531914,0.7171903881700554,0.754863813229572,0.6830985915492958
toxigen,deberta-large,K-means,Last Only,mean_with_attention,42,0.8223404255319149,0.7023172905525846,0.7111913357400722,0.6936619718309859
toxigen,deberta-large,SVM,All,mean_with_attention,365,0.8074468085106383,0.6415841584158415,0.7330316742081447,0.5704225352112676
toxigen,deberta-large,Decision Tree,All,mean_with_attention,365,0.7297872340425532,0.2485207100591716,0.7777777777777778,0.1478873239436619
toxigen,deberta-large,KNN,All,mean_with_attention,365,0.7978723404255319,0.6415094339622641,0.6910569105691057,0.5985915492957746
toxigen,deberta-large,K-means,All,mean_with_attention,365,0.6978723404255319,0.0,0.0,0.0
toxigen,deberta-large,SVM,Embedding Only,mean_with_attention,365,0.7148936170212766,0.4462809917355372,0.54,0.380281690140845
toxigen,deberta-large,Decision Tree,Embedding Only,mean_with_attention,365,0.6978723404255319,0.0,0.0,0.0
toxigen,deberta-large,KNN,Embedding Only,mean_with_attention,365,0.7319148936170212,0.4878048780487805,0.5769230769230769,0.4225352112676056
toxigen,deberta-large,K-means,Embedding Only,mean_with_attention,365,0.6978723404255319,0.0,0.0,0.0
toxigen,deberta-large,SVM,Embedding + Last,mean_with_attention,365,0.7510638297872341,0.4264705882352941,0.7016129032258065,0.306338028169014
toxigen,deberta-large,Decision Tree,Embedding + Last,mean_with_attention,365,0.6978723404255319,0.0,0.0,0.0
toxigen,deberta-large,KNN,Embedding + Last,mean_with_attention,365,0.7776595744680851,0.4939467312348669,0.7906976744186046,0.3591549295774648
toxigen,deberta-large,K-means,Embedding + Last,mean_with_attention,365,0.6978723404255319,0.0,0.0,0.0
toxigen,deberta-large,SVM,Last Only,mean_with_attention,365,0.801063829787234,0.6543438077634011,0.688715953307393,0.6232394366197183
toxigen,deberta-large,Decision Tree,Last Only,mean_with_attention,365,0.8223404255319149,0.683111954459203,0.7407407407407407,0.6338028169014085
toxigen,deberta-large,KNN,Last Only,mean_with_attention,365,0.823404255319149,0.6902985074626866,0.7341269841269841,0.6514084507042254
toxigen,deberta-large,K-means,Last Only,mean_with_attention,365,0.8191489361702128,0.6626984126984127,0.759090909090909,0.5880281690140845
toxigen,deberta-large,SVM,All,mean_with_attention,469,0.8159574468085107,0.6505050505050506,0.7630331753554502,0.5669014084507042
toxigen,deberta-large,Decision Tree,All,mean_with_attention,469,0.7297872340425532,0.2256097560975609,0.8409090909090909,0.130281690140845
toxigen,deberta-large,KNN,All,mean_with_attention,469,0.7957446808510639,0.6363636363636364,0.6885245901639344,0.5915492957746479
toxigen,deberta-large,K-means,All,mean_with_attention,469,0.6978723404255319,0.0,0.0,0.0
toxigen,deberta-large,SVM,Embedding Only,mean_with_attention,469,0.7170212765957447,0.4526748971193416,0.5445544554455446,0.3873239436619718
toxigen,deberta-large,Decision Tree,Embedding Only,mean_with_attention,469,0.6978723404255319,0.0,0.0,0.0
toxigen,deberta-large,KNN,Embedding Only,mean_with_attention,469,0.7308510638297873,0.4847250509164969,0.5748792270531401,0.4190140845070422
toxigen,deberta-large,K-means,Embedding Only,mean_with_attention,469,0.6978723404255319,0.0,0.0,0.0
toxigen,deberta-large,SVM,Embedding + Last,mean_with_attention,469,0.7617021276595745,0.4563106796116505,0.734375,0.3309859154929577
toxigen,deberta-large,Decision Tree,Embedding + Last,mean_with_attention,469,0.6978723404255319,0.0,0.0,0.0
toxigen,deberta-large,KNN,Embedding + Last,mean_with_attention,469,0.7755319148936171,0.48661800486618,0.7874015748031497,0.352112676056338
toxigen,deberta-large,K-means,Embedding + Last,mean_with_attention,469,0.6978723404255319,0.0,0.0,0.0
toxigen,deberta-large,SVM,Last Only,mean_with_attention,469,0.8148936170212766,0.6765799256505577,0.7165354330708661,0.6408450704225352
toxigen,deberta-large,Decision Tree,Last Only,mean_with_attention,469,0.8308510638297872,0.6948176583493283,0.7637130801687764,0.6373239436619719
toxigen,deberta-large,KNN,Last Only,mean_with_attention,469,0.8223404255319149,0.6843100189035917,0.7387755102040816,0.6373239436619719
toxigen,deberta-large,K-means,Last Only,mean_with_attention,469,0.8127659574468085,0.7170418006430869,0.6597633136094675,0.7852112676056338
toxigen,deberta-large,SVM,All,mean_with_attention,4399,0.8223404255319149,0.6744639376218323,0.7554585152838428,0.6091549295774648
toxigen,deberta-large,Decision Tree,All,mean_with_attention,4399,0.7436170212765958,0.3172804532577903,0.8115942028985508,0.1971830985915492
toxigen,deberta-large,KNN,All,mean_with_attention,4399,0.7946808510638298,0.6365348399246703,0.6842105263157895,0.5950704225352113
toxigen,deberta-large,K-means,All,mean_with_attention,4399,0.6978723404255319,0.0,0.0,0.0
toxigen,deberta-large,SVM,Embedding Only,mean_with_attention,4399,0.7159574468085106,0.4494845360824742,0.5422885572139303,0.3838028169014084
toxigen,deberta-large,Decision Tree,Embedding Only,mean_with_attention,4399,0.6978723404255319,0.0,0.0,0.0
toxigen,deberta-large,KNN,Embedding Only,mean_with_attention,4399,0.7329787234042553,0.4908722109533468,0.5789473684210527,0.426056338028169
toxigen,deberta-large,K-means,Embedding Only,mean_with_attention,4399,0.6978723404255319,0.0,0.0,0.0
toxigen,deberta-large,SVM,Embedding + Last,mean_with_attention,4399,0.7627659574468085,0.4600484261501211,0.7364341085271318,0.3345070422535211
toxigen,deberta-large,Decision Tree,Embedding + Last,mean_with_attention,4399,0.6978723404255319,0.0,0.0,0.0
toxigen,deberta-large,KNN,Embedding + Last,mean_with_attention,4399,0.7734042553191489,0.4867469879518073,0.7709923664122137,0.3556338028169014
toxigen,deberta-large,K-means,Embedding + Last,mean_with_attention,4399,0.6978723404255319,0.0,0.0,0.0
toxigen,deberta-large,SVM,Last Only,mean_with_attention,4399,0.8276595744680851,0.7086330935251798,0.7242647058823529,0.6936619718309859
toxigen,deberta-large,Decision Tree,Last Only,mean_with_attention,4399,0.8308510638297872,0.6888454011741684,0.775330396475771,0.6197183098591549
toxigen,deberta-large,KNN,Last Only,mean_with_attention,4399,0.8170212765957446,0.6814814814814815,0.71875,0.647887323943662
toxigen,deberta-large,K-means,Last Only,mean_with_attention,4399,0.8265957446808511,0.7084078711985689,0.72,0.6971830985915493
toxigen,deberta-large,SVM,All,mean_with_attention,3012023,0.8031914893617021,0.6336633663366337,0.7239819004524887,0.5633802816901409
toxigen,deberta-large,Decision Tree,All,mean_with_attention,3012023,0.7372340425531915,0.2756598240469208,0.8245614035087719,0.1654929577464788
toxigen,deberta-large,KNN,All,mean_with_attention,3012023,0.8021276595744681,0.6516853932584269,0.696,0.6126760563380281
toxigen,deberta-large,K-means,All,mean_with_attention,3012023,0.6978723404255319,0.0,0.0,0.0
toxigen,deberta-large,SVM,Embedding Only,mean_with_attention,3012023,0.7148936170212766,0.448559670781893,0.5396039603960396,0.3838028169014084
toxigen,deberta-large,Decision Tree,Embedding Only,mean_with_attention,3012023,0.6978723404255319,0.0,0.0,0.0
toxigen,deberta-large,KNN,Embedding Only,mean_with_attention,3012023,0.7329787234042553,0.4908722109533468,0.5789473684210527,0.426056338028169
toxigen,deberta-large,K-means,Embedding Only,mean_with_attention,3012023,0.6978723404255319,0.0,0.0,0.0
toxigen,deberta-large,SVM,Embedding + Last,mean_with_attention,3012023,0.7595744680851064,0.448780487804878,0.7301587301587301,0.323943661971831
toxigen,deberta-large,Decision Tree,Embedding + Last,mean_with_attention,3012023,0.6978723404255319,0.0,0.0,0.0
toxigen,deberta-large,KNN,Embedding + Last,mean_with_attention,3012023,0.7691489361702127,0.4869976359338062,0.7410071942446043,0.3626760563380282
toxigen,deberta-large,K-means,Embedding + Last,mean_with_attention,3012023,0.6978723404255319,0.0,0.0,0.0
toxigen,deberta-large,SVM,Last Only,mean_with_attention,3012023,0.8159574468085107,0.6837294332723949,0.7110266159695817,0.6584507042253521
toxigen,deberta-large,Decision Tree,Last Only,mean_with_attention,3012023,0.8191489361702128,0.6755725190839694,0.7375,0.6232394366197183
toxigen,deberta-large,KNN,Last Only,mean_with_attention,3012023,0.8127659574468085,0.68,0.7030075187969925,0.6584507042253521
toxigen,deberta-large,K-means,Last Only,mean_with_attention,3012023,0.8202127659574469,0.6692759295499022,0.7533039647577092,0.602112676056338
toxigen,flan-t5-large,SVM,All,mean_with_attention,42,0.9627659574468084,0.9343339587242028,1.0,0.8767605633802817
toxigen,flan-t5-large,Decision Tree,All,mean_with_attention,42,0.952127659574468,0.9139579349904398,1.0,0.8415492957746479
toxigen,flan-t5-large,KNN,All,mean_with_attention,42,0.9638297872340426,0.9363295880149812,1.0,0.8802816901408451
toxigen,flan-t5-large,K-means,All,mean_with_attention,42,0.8787234042553191,0.748898678414097,1.0,0.5985915492957746
toxigen,flan-t5-large,SVM,Embedding Only,mean_with_attention,42,0.7340425531914894,0.4813278008298755,0.5858585858585859,0.4084507042253521
toxigen,flan-t5-large,Decision Tree,Embedding Only,mean_with_attention,42,0.6978723404255319,0.0,0.0,0.0
toxigen,flan-t5-large,KNN,Embedding Only,mean_with_attention,42,0.7202127659574468,0.4912959381044487,0.5450643776824035,0.4471830985915493
toxigen,flan-t5-large,K-means,Embedding Only,mean_with_attention,42,0.6978723404255319,0.0,0.0,0.0
toxigen,flan-t5-large,SVM,Embedding + Last,mean_with_attention,42,0.8212765957446808,0.5800000000000001,1.0,0.4084507042253521
toxigen,flan-t5-large,Decision Tree,Embedding + Last,mean_with_attention,42,0.6978723404255319,0.0,0.0,0.0
toxigen,flan-t5-large,KNN,Embedding + Last,mean_with_attention,42,0.8329787234042553,0.6180048661800487,1.0,0.4471830985915493
toxigen,flan-t5-large,K-means,Embedding + Last,mean_with_attention,42,0.6978723404255319,0.0,0.0,0.0
toxigen,flan-t5-large,SVM,Last Only,mean_with_attention,42,1.0,1.0,1.0,1.0
toxigen,flan-t5-large,Decision Tree,Last Only,mean_with_attention,42,1.0,1.0,1.0,1.0
toxigen,flan-t5-large,KNN,Last Only,mean_with_attention,42,1.0,1.0,1.0,1.0
toxigen,flan-t5-large,K-means,Last Only,mean_with_attention,42,1.0,1.0,1.0,1.0
toxigen,flan-t5-large,SVM,All,mean_with_attention,365,0.9659574468085106,0.9402985074626864,1.0,0.8873239436619719
toxigen,flan-t5-large,Decision Tree,All,mean_with_attention,365,0.954255319148936,0.9180952380952382,1.0,0.8485915492957746
toxigen,flan-t5-large,KNN,All,mean_with_attention,365,0.9702127659574468,0.948148148148148,1.0,0.9014084507042254
toxigen,flan-t5-large,K-means,All,mean_with_attention,365,0.9223404255319148,0.8525252525252526,1.0,0.7429577464788732
toxigen,flan-t5-large,SVM,Embedding Only,mean_with_attention,365,0.7340425531914894,0.4813278008298755,0.5858585858585859,0.4084507042253521
toxigen,flan-t5-large,Decision Tree,Embedding Only,mean_with_attention,365,0.6978723404255319,0.0,0.0,0.0
toxigen,flan-t5-large,KNN,Embedding Only,mean_with_attention,365,0.7202127659574468,0.4912959381044487,0.5450643776824035,0.4471830985915493
toxigen,flan-t5-large,K-means,Embedding Only,mean_with_attention,365,0.6978723404255319,0.0,0.0,0.0
toxigen,flan-t5-large,SVM,Embedding + Last,mean_with_attention,365,0.8212765957446808,0.5800000000000001,1.0,0.4084507042253521
toxigen,flan-t5-large,Decision Tree,Embedding + Last,mean_with_attention,365,0.6978723404255319,0.0,0.0,0.0
toxigen,flan-t5-large,KNN,Embedding + Last,mean_with_attention,365,0.8329787234042553,0.6180048661800487,1.0,0.4471830985915493
toxigen,flan-t5-large,K-means,Embedding + Last,mean_with_attention,365,0.6978723404255319,0.0,0.0,0.0
toxigen,flan-t5-large,SVM,Last Only,mean_with_attention,365,1.0,1.0,1.0,1.0
toxigen,flan-t5-large,Decision Tree,Last Only,mean_with_attention,365,1.0,1.0,1.0,1.0
toxigen,flan-t5-large,KNN,Last Only,mean_with_attention,365,1.0,1.0,1.0,1.0
toxigen,flan-t5-large,K-means,Last Only,mean_with_attention,365,1.0,1.0,1.0,1.0
toxigen,flan-t5-large,SVM,All,mean_with_attention,469,0.9574468085106383,0.9242424242424242,1.0,0.8591549295774648
toxigen,flan-t5-large,Decision Tree,All,mean_with_attention,469,0.948936170212766,0.9076923076923076,1.0,0.8309859154929577
toxigen,flan-t5-large,KNN,All,mean_with_attention,469,0.9691489361702128,0.9461966604823748,1.0,0.897887323943662
toxigen,flan-t5-large,K-means,All,mean_with_attention,469,0.9159574468085108,0.8384458077709611,1.0,0.721830985915493
toxigen,flan-t5-large,SVM,Embedding Only,mean_with_attention,469,0.7340425531914894,0.4813278008298755,0.5858585858585859,0.4084507042253521
toxigen,flan-t5-large,Decision Tree,Embedding Only,mean_with_attention,469,0.6978723404255319,0.0,0.0,0.0
toxigen,flan-t5-large,KNN,Embedding Only,mean_with_attention,469,0.7202127659574468,0.4912959381044487,0.5450643776824035,0.4471830985915493
toxigen,flan-t5-large,K-means,Embedding Only,mean_with_attention,469,0.6978723404255319,0.0,0.0,0.0
toxigen,flan-t5-large,SVM,Embedding + Last,mean_with_attention,469,0.8212765957446808,0.5800000000000001,1.0,0.4084507042253521
toxigen,flan-t5-large,Decision Tree,Embedding + Last,mean_with_attention,469,0.6978723404255319,0.0,0.0,0.0
toxigen,flan-t5-large,KNN,Embedding + Last,mean_with_attention,469,0.8329787234042553,0.6180048661800487,1.0,0.4471830985915493
toxigen,flan-t5-large,K-means,Embedding + Last,mean_with_attention,469,0.6978723404255319,0.0,0.0,0.0
toxigen,flan-t5-large,SVM,Last Only,mean_with_attention,469,1.0,1.0,1.0,1.0
toxigen,flan-t5-large,Decision Tree,Last Only,mean_with_attention,469,1.0,1.0,1.0,1.0
toxigen,flan-t5-large,KNN,Last Only,mean_with_attention,469,1.0,1.0,1.0,1.0
toxigen,flan-t5-large,K-means,Last Only,mean_with_attention,469,1.0,1.0,1.0,1.0
toxigen,flan-t5-large,SVM,All,mean_with_attention,4399,0.9606382978723405,0.9303201506591336,1.0,0.8697183098591549
toxigen,flan-t5-large,Decision Tree,All,mean_with_attention,4399,0.9531914893617022,0.916030534351145,1.0,0.8450704225352113
toxigen,flan-t5-large,KNN,All,mean_with_attention,4399,0.9638297872340426,0.9363295880149812,1.0,0.8802816901408451
toxigen,flan-t5-large,K-means,All,mean_with_attention,4399,0.9202127659574468,0.847870182555781,1.0,0.7359154929577465
toxigen,flan-t5-large,SVM,Embedding Only,mean_with_attention,4399,0.7361702127659574,0.4833333333333334,0.5918367346938775,0.4084507042253521
toxigen,flan-t5-large,Decision Tree,Embedding Only,mean_with_attention,4399,0.6978723404255319,0.0,0.0,0.0
toxigen,flan-t5-large,KNN,Embedding Only,mean_with_attention,4399,0.7202127659574468,0.4912959381044487,0.5450643776824035,0.4471830985915493
toxigen,flan-t5-large,K-means,Embedding Only,mean_with_attention,4399,0.6978723404255319,0.0,0.0,0.0
toxigen,flan-t5-large,SVM,Embedding + Last,mean_with_attention,4399,0.8212765957446808,0.5800000000000001,1.0,0.4084507042253521
toxigen,flan-t5-large,Decision Tree,Embedding + Last,mean_with_attention,4399,0.6978723404255319,0.0,0.0,0.0
toxigen,flan-t5-large,KNN,Embedding + Last,mean_with_attention,4399,0.8329787234042553,0.6180048661800487,1.0,0.4471830985915493
toxigen,flan-t5-large,K-means,Embedding + Last,mean_with_attention,4399,0.6978723404255319,0.0,0.0,0.0
toxigen,flan-t5-large,SVM,Last Only,mean_with_attention,4399,1.0,1.0,1.0,1.0
toxigen,flan-t5-large,Decision Tree,Last Only,mean_with_attention,4399,1.0,1.0,1.0,1.0
toxigen,flan-t5-large,KNN,Last Only,mean_with_attention,4399,1.0,1.0,1.0,1.0
toxigen,flan-t5-large,K-means,Last Only,mean_with_attention,4399,1.0,1.0,1.0,1.0
toxigen,flan-t5-large,SVM,All,mean_with_attention,3012023,0.9563829787234044,0.922201138519924,1.0,0.8556338028169014
toxigen,flan-t5-large,Decision Tree,All,mean_with_attention,3012023,0.948936170212766,0.9076923076923076,1.0,0.8309859154929577
toxigen,flan-t5-large,KNN,All,mean_with_attention,3012023,0.9670212765957448,0.9422718808193667,1.0,0.8908450704225352
toxigen,flan-t5-large,K-means,All,mean_with_attention,3012023,0.9106382978723404,0.8264462809917354,1.0,0.704225352112676
toxigen,flan-t5-large,SVM,Embedding Only,mean_with_attention,3012023,0.7351063829787234,0.4823284823284823,0.5888324873096447,0.4084507042253521
toxigen,flan-t5-large,Decision Tree,Embedding Only,mean_with_attention,3012023,0.6978723404255319,0.0,0.0,0.0
toxigen,flan-t5-large,KNN,Embedding Only,mean_with_attention,3012023,0.7202127659574468,0.4912959381044487,0.5450643776824035,0.4471830985915493
toxigen,flan-t5-large,K-means,Embedding Only,mean_with_attention,3012023,0.6978723404255319,0.0,0.0,0.0
toxigen,flan-t5-large,SVM,Embedding + Last,mean_with_attention,3012023,0.8212765957446808,0.5800000000000001,1.0,0.4084507042253521
toxigen,flan-t5-large,Decision Tree,Embedding + Last,mean_with_attention,3012023,0.6978723404255319,0.0,0.0,0.0
toxigen,flan-t5-large,KNN,Embedding + Last,mean_with_attention,3012023,0.8329787234042553,0.6180048661800487,1.0,0.4471830985915493
toxigen,flan-t5-large,K-means,Embedding + Last,mean_with_attention,3012023,0.6978723404255319,0.0,0.0,0.0
toxigen,flan-t5-large,SVM,Last Only,mean_with_attention,3012023,1.0,1.0,1.0,1.0
toxigen,flan-t5-large,Decision Tree,Last Only,mean_with_attention,3012023,1.0,1.0,1.0,1.0
toxigen,flan-t5-large,KNN,Last Only,mean_with_attention,3012023,1.0,1.0,1.0,1.0
toxigen,flan-t5-large,K-means,Last Only,mean_with_attention,3012023,1.0,1.0,1.0,1.0
